Name,Nation,Pos,Age,MP,Starts,Min,Gls,Ast,PK,CrdY,CrdR,xG,xAG,Team
David Raya,es ESP,GK,28,38,38,3420,0,0,0,3,0,0,0,Arsenal
William Saliba,fr FRA,DF,23,35,35,3039,2,0,0,2,1,2.3,0.9,Arsenal
Declan Rice,eng ENG,MF,25,35,33,2825,4,7,0,7,1,3.5,6.6,Arsenal
Thomas Partey,gh GHA,"MF,DF",31,35,31,2797,4,2,0,4,0,2.3,2.1,Arsenal
Leandro Trossard,be BEL,FW,29,38,28,2546,8,7,0,4,1,7.2,6.1,Arsenal
Gabriel Magalhães,br BRA,DF,26,28,28,2363,3,1,0,4,0,2.6,0.9,Arsenal
Jurriën Timber,nl NED,DF,23,30,27,2417,1,3,0,7,0,1.2,0.8,Arsenal
Martin Ødegaard,no NOR,MF,25,30,26,2325,3,8,1,4,0,4.8,5.4,Arsenal
Gabriel Martinelli,br BRA,"FW,MF",23,33,25,2290,8,4,0,1,0,7.4,5,Arsenal
Kai Havertz,de GER,"FW,MF",25,23,21,1875,9,3,0,5,0,9.5,2.4,Arsenal
Bukayo Saka,eng ENG,"FW,MF",22,25,20,1729,6,10,1,3,0,6.8,7.6,Arsenal
Mikel Merino,es ESP,"MF,FW",28,28,17,1586,7,2,0,4,1,5.9,2,Arsenal
Myles Lewis-Skelly,eng ENG,DF,17,23,15,1369,1,0,0,3,2,0.2,0.4,Arsenal
Ben White,eng ENG,DF,26,17,13,1198,0,2,0,2,0,0.5,1.4,Arsenal
Riccardo Calafiori,it ITA,DF,22,19,11,983,2,1,0,4,0,0.9,0.3,Arsenal
Ethan Nwaneri,eng ENG,"FW,MF",17,26,11,895,4,2,0,1,0,1.2,1.2,Arsenal
Jakub Kiwior,pl POL,DF,24,17,10,1122,1,0,0,1,0,0.2,0.3,Arsenal
Jorginho,it ITA,MF,32,15,9,704,0,0,0,5,0,0.1,0.4,Arsenal
Raheem Sterling,eng ENG,"FW,MF",29,17,7,499,0,2,0,1,0,1.4,0.5,Arsenal
Gabriel Jesus,br BRA,FW,27,17,6,608,3,0,0,4,0,3,0.7,Arsenal
Oleksandr Zinchenko,ua UKR,"DF,MF",27,15,5,527,0,1,0,1,0,0.6,0.2,Arsenal
Kieran Tierney,sct SCO,"DF,FW",27,13,2,259,1,0,0,0,0,0.4,1.4,Arsenal
Nathan Butler-Oyedeji,eng ENG,FW,21,1,0,7,0,0,0,0,0,0.1,0,Arsenal
Takehiro Tomiyasu,jp JPN,DF,25,1,0,7,0,0,0,0,0,0.2,0,Arsenal
Reiss Nelson,eng ENG,FW,24,1,0,3,0,0,0,0,0,0,0,Arsenal
Brayden Clarke,wls WAL,DF,17,0,0,,,,,,,,,Arsenal
Jimi Gower,eng ENG,MF,19,0,0,,,,,,,,,Arsenal
Ayden Heaven,eng ENG,DF,17,0,0,,,,,,,,,Arsenal
Jack Henry-Francis,ie IRL,MF,20,0,0,,,,,,,,,Arsenal
Ismeal Kabia,eng ENG,MF,18,0,0,,,,,,,,,Arsenal
Maldini Kacurri,al ALB,DF,18,0,0,,,,,,,,,Arsenal
Neto,br BRA,GK,35,0,0,,,,,,,,,Arsenal
Josh Nichols,eng ENG,DF,18,0,0,,,,,,,,,Arsenal
Eddie Nketiah,eng ENG,FW,25,0,0,,,,,,,,,Arsenal
Salah Oulad M'Hand,nl NED,MF,20,0,0,,,,,,,,,Arsenal
Jack Porter,eng ENG,GK,16,0,0,,,,,,,,,Arsenal
Aaron Ramsdale,eng ENG,GK,26,0,0,,,,,,,,,Arsenal
Tommy Setford,eng ENG,GK,18,0,0,,,,,,,,,Arsenal
Emiliano Martínez,ar ARG,GK,31,37,37,3194,0,0,0,5,1,0,0.5,Aston-Villa
Morgan Rogers,eng ENG,"FW,MF",22,37,37,3114,8,10,0,10,0,6.6,7.8,Aston-Villa
Youri Tielemans,be BEL,MF,27,36,35,3026,3,7,0,4,0,3.3,7,Aston-Villa
Ezri Konsa,eng ENG,DF,26,34,33,2936,2,0,0,1,0,1.3,0.4,Aston-Villa
Ollie Watkins,eng ENG,FW,28,38,31,2598,16,8,2,2,0,15.3,3.3,Aston-Villa
Lucas Digne,fr FRA,DF,31,32,28,2351,0,4,0,4,0,0.8,4.7,Aston-Villa
John McGinn,sct SCO,"MF,FW",29,34,27,2223,1,4,0,7,0,3.1,3.5,Aston-Villa
Matty Cash,pl POL,DF,26,27,24,2070,1,1,0,7,0,0.5,1.1,Aston-Villa
Pau Torres,es ESP,DF,27,24,23,2020,0,0,0,2,0,0.5,0.1,Aston-Villa
Boubacar Kamara,fr FRA,MF,24,26,20,1726,1,0,0,2,0,0.8,0.9,Aston-Villa
Amadou Onana,be BEL,MF,22,26,20,1617,3,0,0,4,0,2.1,0.7,Aston-Villa
Jacob Ramsey,eng ENG,"FW,MF",23,29,19,1623,1,3,0,4,1,1.6,2.3,Aston-Villa
Leon Bailey,jm JAM,"FW,MF",26,24,14,1139,1,2,0,3,0,1.7,1.5,Aston-Villa
Tyrone Mings,eng ENG,DF,31,14,12,1120,0,0,0,1,0,0.8,0.2,Aston-Villa
Ian Maatsen,nl NED,DF,22,29,10,1139,1,2,0,2,0,0.9,2.7,Aston-Villa
Marco Asensio,es ESP,MF,28,13,9,743,3,1,0,2,0,4.4,1,Aston-Villa
Diego Carlos,br BRA,DF,31,10,8,830,0,0,0,1,0,0.6,0,Aston-Villa
Axel Disasi,fr FRA,DF,26,7,5,490,0,0,0,2,0,0.1,0.4,Aston-Villa
Lamare Bogarde,nl NED,"DF,MF",20,8,5,476,0,0,0,2,0,0,0.1,Aston-Villa
Andrés García,es ESP,"DF,MF",21,7,5,318,0,0,0,0,0,0,0.2,Aston-Villa
Jáder Durán,co COL,FW,20,20,4,638,7,0,0,3,1,4.9,0.2,Aston-Villa
Marcus Rashford,eng ENG,FW,26,10,4,444,2,2,1,0,0,3.1,2.3,Aston-Villa
Ross Barkley,eng ENG,MF,30,20,3,581,3,1,0,3,0,1.8,0.6,Aston-Villa
Jaden Philogene Bidace,eng ENG,"FW,MF",22,11,2,332,0,0,0,4,1,0.5,0.3,Aston-Villa
Donyell Malen,nl NED,FW,25,14,2,305,3,0,0,0,0,2.2,0.2,Aston-Villa
Robin Olsen,se SWE,GK,34,4,1,226,0,0,0,0,0,0,0,Aston-Villa
Kosta Nedeljković,rs SRB,DF,18,5,0,126,0,0,0,0,0,0,0,Aston-Villa
Emi Buendía,ar ARG,"MF,FW",27,12,0,98,0,0,0,1,0,0.7,0,Aston-Villa
Benjamin Broggio,eng ENG,FW,17,0,0,,,,,,,,,Aston-Villa
Joe Gauci,au AUS,GK,24,0,0,,,,,,,,,Aston-Villa
Jamaldeen Jimoh,eng ENG,MF,17,0,0,,,,,,,,,Aston-Villa
Sil Swinkels,nl NED,DF,20,0,0,,,,,,,,,Aston-Villa
Kadan Young,eng ENG,MF,18,0,0,,,,,,,,,Aston-Villa
Oliwier Zych,pl POL,GK,20,0,0,,,,,,,,,Aston-Villa
Milos Kerkez,hu HUN,DF,20,38,38,3336,2,5,0,4,0,0.6,3.9,Bournemouth
Antoine Semenyo,gh GHA,FW,24,37,36,3203,11,5,0,9,0,10,5.8,Bournemouth
Illia Zabarnyi,ua UKR,DF,21,36,35,3109,0,1,0,4,1,1.3,0.7,Bournemouth
Lewis Cook,eng ENG,"MF,DF",27,36,32,2978,1,3,0,8,1,0.9,4.1,Bournemouth
Kepa Arrizabalaga,es ESP,GK,29,31,31,2790,0,0,0,3,0,0.1,0,Bournemouth
Justin Kluivert,nl NED,MF,25,34,29,2340,12,6,6,8,0,10.3,4.8,Bournemouth
Evanilson,br BRA,FW,24,31,28,2319,10,1,0,1,1,12.5,1.9,Bournemouth
Ryan Christie,sct SCO,MF,29,29,27,2117,2,3,0,9,0,1.8,3.5,Bournemouth
Dean Huijsen,es ESP,DF,19,32,26,2427,3,2,0,10,0,1.9,2,Bournemouth
Dango Ouattara,bf BFA,FW,22,32,21,2005,7,4,0,3,0,8.4,5.5,Bournemouth
Tyler Adams,us USA,MF,25,28,21,1965,0,3,0,7,0,1.6,1,Bournemouth
Marcus Tavernier,eng ENG,"FW,MF",25,29,20,1939,3,5,0,6,0,5.5,4,Bournemouth
Adam Smith,eng ENG,DF,33,25,19,1590,0,0,0,7,0,0.7,0.4,Bournemouth
Marcos Senesi,ar ARG,DF,27,17,13,1106,0,0,0,5,0,0.8,0.2,Bournemouth
David Brooks,wls WAL,"FW,MF",27,29,9,960,2,0,0,3,0,2.5,1.9,Bournemouth
Alex Scott,eng ENG,MF,20,20,8,755,0,0,0,3,0,0.7,0.9,Bournemouth
Julian Araujo,mx MEX,DF,22,12,7,497,0,0,0,2,0,0,0.1,Bournemouth
James Hill,eng ENG,DF,22,10,6,448,0,1,0,1,0,0.3,0.3,Bournemouth
Mark Travers,ie IRL,GK,25,5,5,450,0,0,0,0,0,0,0,Bournemouth
Enes Ünal,tr TUR,"FW,MF",27,17,2,345,2,1,0,2,0,2.7,0.4,Bournemouth
Neto,br BRA,GK,35,2,2,180,0,0,0,0,0,0,0,Bournemouth
Luis Sinisterra,co COL,"FW,MF",25,12,1,236,1,1,0,0,0,1.2,1.4,Bournemouth
Philip Billing,dk DEN,MF,28,10,1,184,0,0,0,1,0,0.6,1.1,Bournemouth
Max Aarons,eng ENG,DF,24,3,1,86,0,0,0,0,0,0,0,Bournemouth
Daniel Jebbison,ca CAN,FW,20,16,0,119,1,0,0,1,0,1,0.2,Bournemouth
Ben Winterburn,eng ENG,"MF,FW",19,4,0,24,0,0,0,0,0,0,0,Bournemouth
Julio Soler,ar ARG,"DF,FW",19,3,0,11,0,0,0,0,0,0,0,Bournemouth
Remy Rees-Dottin,eng ENG,FW,18,1,0,1,0,0,0,0,0,0,0,Bournemouth
Zain Silcott-Duberry,ms MSR,FW,19,1,0,1,0,0,0,0,0,0,0,Bournemouth
Daniel Adu-Adjei,eng ENG,FW,19,0,0,,,,,,,,,Bournemouth
Matai Akinmboni,us USA,DF,17,0,0,,,,,,,,,Bournemouth
Jaidon Anthony,eng ENG,"FW,MF",24,0,0,,,,,,,,,Bournemouth
Will Dennis,eng ENG,GK,24,0,0,,,,,,,,,Bournemouth
Archie Harris,eng ENG,DF,19,0,0,,,,,,,,,Bournemouth
Hamed Junior Traorè,ci CIV,"FW,MF",24,0,0,,,,,,,,,Bournemouth
Callan Mckenna,sct SCO,GK,17,0,0,,,,,,,,,Bournemouth
Dominic Sadi,eng ENG,MF,20,0,0,,,,,,,,,Bournemouth
Maxwell Wellings,eng ENG,DF,19,0,0,,,,,,,,,Bournemouth
Nathan Collins,ie IRL,DF,23,38,38,3420,2,3,0,5,0,2.5,1.8,Brentford
Bryan Mbeumo,cm CMR,FW,24,38,38,3414,20,7,5,3,0,12.3,8.3,Brentford
Mark Flekken,nl NED,GK,31,37,37,3275,0,2,0,1,0,0,0.5,Brentford
Keane Lewis-Potter,eng ENG,"DF,FW",23,38,36,3093,1,3,0,7,0,3.1,3.2,Brentford
Yoane Wissa,cd COD,FW,27,35,34,2919,19,4,0,5,0,18.5,2.6,Brentford
Mikkel Damsgaard,dk DEN,"MF,FW",24,38,34,2911,2,10,0,2,0,2.8,8.4,Brentford
Christian Nørgaard,dk DEN,MF,30,34,34,2819,5,4,0,8,1,4.3,1.3,Brentford
Sepp van den Berg,nl NED,DF,22,31,29,2586,0,0,0,3,0,2,0.8,Brentford
Vitaly Janelt,de GER,MF,26,32,27,2254,1,3,0,3,0,0.8,2.2,Brentford
Kevin Schade,de GER,FW,22,38,26,2293,11,2,0,3,0,8.2,3.7,Brentford
Ethan Pinnock,jm JAM,DF,31,22,21,1913,2,0,0,2,0,1.1,1.2,Brentford
Kristoffer Ajer,no NOR,DF,26,24,17,1438,0,0,0,5,0,1,1.2,Brentford
Yehor Yarmoliuk,ua UKR,MF,20,31,15,1450,0,0,0,6,0,0.6,0.9,Brentford
Mads Roerslev,dk DEN,DF,25,19,11,1101,0,2,0,2,0,0.2,3,Brentford
Mathias Jensen,dk DEN,MF,28,24,8,862,0,2,0,2,0,0.2,1.7,Brentford
Michael Kayode,it ITA,DF,20,12,6,528,0,1,0,2,0,0.2,1.2,Brentford
Fabio Carvalho,pt POR,"FW,MF",21,19,3,455,2,1,0,1,0,2.5,0.7,Brentford
Ben Mee,eng ENG,DF,34,7,2,183,0,0,0,2,0,0,0,Brentford
Thiago,br BRA,"FW,MF",23,8,1,175,0,0,0,0,0,0.1,0.1,Brentford
Hákon Rafn Valdimarsson,is ISL,GK,22,2,1,145,0,0,0,0,0,0,0,Brentford
Edmond-Paris Maghoma,eng ENG,"MF,FW",23,8,0,119,0,0,0,0,0,0.1,0.1,Brentford
Rico Henry,eng ENG,DF,27,5,0,99,0,0,0,0,0,0,0,Brentford
Yunus Emre Konak,tr TUR,"FW,MF",18,10,0,42,0,0,0,0,0,0.2,0,Brentford
Kim Jisoo,kr KOR,DF,19,3,0,30,0,0,0,0,0,0,0,Brentford
Frank Onyeka,ng NGA,MF,26,2,0,25,0,0,0,0,0,0,0,Brentford
Gustavo Nunes,br BRA,"FW,MF",18,3,0,12,0,0,0,0,0,0,0,Brentford
Jayden Meghoma,eng ENG,DF,18,1,0,5,0,0,0,0,0,0,0,Brentford
Ryan Trevitt,eng ENG,MF,21,1,0,4,0,0,0,0,0,0,0,Brentford
Benjamin Arthur,eng ENG,DF,18,0,0,,,,,,,,,Brentford
Julian Eyestone,us USA,GK,18,0,0,,,,,,,,,Brentford
Benjamin Fredrick,ng NGA,DF,19,0,0,,,,,,,,,Brentford
Aaron Hickey,sct SCO,"DF,MF",22,0,0,,,,,,,,,Brentford
Iwan Morgan,wls WAL,FW,18,0,0,,,,,,,,,Brentford
Myles Peart-Harris,eng ENG,MF,21,0,0,,,,,,,,,Brentford
Tony Yogane,eng ENG,MF,18,0,0,,,,,,,,,Brentford
Bart Verbruggen,nl NED,GK,21,36,36,3240,0,1,0,5,0,0,0,Brighton-and-Hove-Albion
Jan Paul van Hecke,nl NED,DF,24,34,33,2958,1,1,0,8,1,1.3,1.5,Brighton-and-Hove-Albion
Carlos Baleba,cm CMR,MF,20,34,31,2661,3,1,0,8,1,3.1,1.3,Brighton-and-Hove-Albion
Kaoru Mitoma,jp JPN,"FW,MF",27,36,28,2603,10,4,0,1,0,9.2,4.6,Brighton-and-Hove-Albion
Pervis Estupiñán,ec ECU,DF,26,30,26,2402,1,1,0,5,0,1.2,2.1,Brighton-and-Hove-Albion
Danny Welbeck,eng ENG,FW,33,30,24,2115,10,4,1,5,0,9.6,1.4,Brighton-and-Hove-Albion
Lewis Dunk,eng ENG,DF,32,25,23,2083,0,0,0,5,0,0.8,0.5,Brighton-and-Hove-Albion
João Pedro,br BRA,"FW,MF",22,27,23,1948,10,6,5,4,1,8.9,5,Brighton-and-Hove-Albion
Yasin Ayari,se SWE,MF,20,34,22,1965,2,1,0,3,0,2.4,2.3,Brighton-and-Hove-Albion
Jack Hinshelwood,eng ENG,"MF,DF",19,26,22,1842,5,2,0,5,0,2.7,1.5,Brighton-and-Hove-Albion
Yankuba Minteh,gm GAM,"FW,MF",20,32,20,1838,6,4,0,6,0,4.1,5,Brighton-and-Hove-Albion
Joël Veltman,nl NED,DF,32,21,19,1697,0,0,0,5,0,0.5,0.5,Brighton-and-Hove-Albion
Georginio Rutter,fr FRA,"MF,FW",22,28,19,1656,5,3,0,2,0,4.6,2.5,Brighton-and-Hove-Albion
Simon Adingra,ci CIV,"FW,MF",22,29,12,1097,2,2,0,0,0,2.5,2.5,Brighton-and-Hove-Albion
Matt O'Riley,dk DEN,MF,23,21,11,938,2,2,1,1,0,2.8,2.4,Brighton-and-Hove-Albion
Adam Webster,eng ENG,DF,29,14,11,887,0,0,0,1,0,0.2,0.5,Brighton-and-Hove-Albion
Mats Wieffer,nl NED,"DF,MF",24,25,10,1015,1,3,0,6,0,0.8,1.6,Brighton-and-Hove-Albion
Igor,br BRA,DF,26,13,10,961,0,0,0,4,0,0,0.2,Brighton-and-Hove-Albion
Tariq Lamptey,gh GHA,DF,23,15,10,860,2,2,0,0,0,0.4,0.8,Brighton-and-Hove-Albion
Brajan Gruda,de GER,"MF,FW",20,21,8,687,1,4,0,0,0,1.2,2.1,Brighton-and-Hove-Albion
Ferdi Kadioglu,tr TUR,"DF,MF",24,6,5,385,1,0,0,1,0,0.4,0.2,Brighton-and-Hove-Albion
Diego Gómez,py PAR,MF,21,16,4,516,1,0,0,0,0,0.9,0.7,Brighton-and-Hove-Albion
James Milner,eng ENG,MF,38,4,3,170,0,0,0,1,0,0.2,0.2,Brighton-and-Hove-Albion
Julio Enciso,py PAR,"MF,FW",20,12,2,294,0,0,0,0,0,1,0.2,Brighton-and-Hove-Albion
Evan Ferguson,ie IRL,FW,19,13,2,246,1,0,0,0,0,0.5,0.4,Brighton-and-Hove-Albion
Jason Steele,eng ENG,GK,33,2,2,180,0,0,0,0,0,0,0,Brighton-and-Hove-Albion
Solly March,eng ENG,"FW,MF",30,8,1,168,0,0,0,2,0,0.1,0.3,Brighton-and-Hove-Albion
Billy Gilmour,sct SCO,MF,23,2,1,98,0,0,0,0,0,0.1,0,Brighton-and-Hove-Albion
Eiran Cashin,ie IRL,DF,22,2,0,20,0,0,0,0,0,0,0,Brighton-and-Hove-Albion
Jakub Moder,pl POL,MF,25,4,0,11,0,0,0,0,0,0,0.2,Brighton-and-Hove-Albion
Jeremy Sarmiento,ec ECU,MF,22,1,0,9,0,0,0,0,0,0,0,Brighton-and-Hove-Albion
Harry Howell,eng ENG,FW,15,1,0,7,0,0,0,0,0,0,0,Brighton-and-Hove-Albion
Valentín Barco,ar ARG,MF,20,0,0,,,,,,,,,Brighton-and-Hove-Albion
Killian Cahill,ie IRL,GK,20,0,0,,,,,,,,,Brighton-and-Hove-Albion
Joe Knight,eng ENG,MF,18,0,0,,,,,,,,,Brighton-and-Hove-Albion
Ruairi Mcconville,nir NIR,DF,19,0,0,,,,,,,,,Brighton-and-Hove-Albion
Mark O'Mahony,ie IRL,FW,19,0,0,,,,,,,,,Brighton-and-Hove-Albion
Carl Rushworth,eng ENG,GK,23,0,0,,,,,,,,,Brighton-and-Hove-Albion
Imari Samuels,eng ENG,DF,21,0,0,,,,,,,,,Brighton-and-Hove-Albion
Freddie Simmonds,eng ENG,DF,16,0,0,,,,,,,,,Brighton-and-Hove-Albion
Jacob Slater,eng ENG,DF,19,0,0,,,,,,,,,Brighton-and-Hove-Albion
Charlie Tasker,eng ENG,DF,18,0,0,,,,,,,,,Brighton-and-Hove-Albion
Moisés Caicedo,ec ECU,"MF,DF",22,38,38,3351,1,2,0,11,0,0.8,3,Chelsea
Cole Palmer,eng ENG,"MF,FW",22,37,36,3191,15,8,4,7,0,17.3,10.9,Chelsea
Levi Colwill,eng ENG,DF,21,35,35,3149,2,1,0,9,0,1.9,1.1,Chelsea
Marc Cucurella,es ESP,DF,26,36,33,2988,5,1,0,10,1,2.8,2.1,Chelsea
Enzo Fernández,ar ARG,MF,23,36,32,2947,6,7,0,8,0,6.1,6.8,Chelsea
Robert Sánchez,es ESP,GK,26,32,32,2880,0,0,0,5,0,0,0.1,Chelsea
Nicolas Jackson,sn SEN,FW,23,30,28,2220,10,5,0,7,1,12.3,4.3,Chelsea
Noni Madueke,eng ENG,FW,22,32,27,2033,7,3,0,3,0,9.6,4.2,Chelsea
Pedro Neto,pt POR,FW,24,35,24,2269,4,6,0,8,0,3.5,6.7,Chelsea
Malo Gusto,fr FRA,DF,21,32,19,1862,0,1,0,4,0,1.7,1.4,Chelsea
Jadon Sancho,eng ENG,FW,24,31,19,1764,3,4,0,2,0,2.2,3.7,Chelsea
Tosin Adarabioyo,eng ENG,DF,26,22,15,1409,1,1,0,4,0,0.9,0.2,Chelsea
Wesley Fofana,fr FRA,DF,23,14,14,1172,0,0,0,7,0,0.4,0.4,Chelsea
Reece James,eng ENG,"DF,MF",24,19,12,1063,1,1,0,1,0,0.4,0.7,Chelsea
Trevoh Chalobah,eng ENG,DF,25,13,11,910,0,1,0,2,0,0.8,1.2,Chelsea
Roméo Lavia,be BEL,MF,20,16,11,797,0,1,0,4,0,0.3,0.7,Chelsea
Christopher Nkunku,fr FRA,FW,26,27,9,921,3,2,0,2,0,4.8,2.1,Chelsea
Filip Jørgensen,dk DEN,GK,22,6,6,540,0,0,0,0,0,0,0,Chelsea
Axel Disasi,fr FRA,DF,26,6,4,364,1,0,0,1,0,0.3,0.1,Chelsea
João Félix,pt POR,"FW,MF",24,12,3,369,1,1,0,2,0,2.2,1,Chelsea
Benoît Badiashile,fr FRA,DF,23,5,3,334,0,0,0,0,0,0,0,Chelsea
Kiernan Dewsbury-Hall,eng ENG,"MF,FW",25,13,2,264,0,1,0,0,0,0.2,1.1,Chelsea
Joshua Acheampong,eng ENG,DF,18,4,2,170,0,0,0,1,0,0.2,0,Chelsea
Tyrique George,eng ENG,FW,18,8,1,183,1,1,0,1,0,0.2,0.7,Chelsea
Renato Veiga,pt POR,"DF,MF",21,7,1,181,0,0,0,2,0,0.1,0,Chelsea
Mykhailo Mudryk,ua UKR,FW,23,7,1,151,0,0,0,0,0,0.3,1,Chelsea
Marc Guiu,es ESP,FW,18,3,0,73,0,0,0,0,0,0,0,Chelsea
Mathis Amougou,fr FRA,MF,18,1,0,8,0,0,0,0,0,0,0,Chelsea
Shumaira Mheuka,eng ENG,MF,16,1,0,1,0,0,0,0,0,0.1,0,Chelsea
Aaron Anselmino,ar ARG,DF,19,0,0,,,,,,,,,Chelsea
Genesis Antwi,se SWE,MF,17,0,0,,,,,,,,,Chelsea
Marcus Bettinelli,eng ENG,GK,32,0,0,,,,,,,,,Chelsea
Cesare Casadei,it ITA,MF,21,0,0,,,,,,,,,Chelsea
Samuel Rak-Sakyi,eng ENG,MF,19,0,0,,,,,,,,,Chelsea
Ishé Samuels-Smith,eng ENG,DF,18,0,0,,,,,,,,,Chelsea
Dean Henderson,eng ENG,GK,27,38,38,3420,0,0,0,3,0,0,0.2,Crystal-Palace
Daniel Muñoz,co COL,DF,28,37,37,3228,4,5,0,10,0,4.9,5.5,Crystal-Palace
Tyrick Mitchell,eng ENG,DF,24,37,37,3092,0,5,0,2,0,1.3,6.4,Crystal-Palace
Maxence Lacroix,fr FRA,DF,24,35,35,3116,1,1,0,5,0,3.4,1,Crystal-Palace
Marc Guéhi,eng ENG,DF,24,34,34,3059,3,2,0,9,1,2,1.8,Crystal-Palace
Jean-Philippe Mateta,fr FRA,FW,27,37,33,2648,14,2,2,2,0,13.5,3.2,Crystal-Palace
Eberechi Eze,eng ENG,"MF,FW",26,34,31,2588,8,8,1,1,0,10.5,6.2,Crystal-Palace
Ismaila Sarr,sn SEN,MF,26,38,30,2711,8,6,0,4,0,10.7,8.5,Crystal-Palace
Jefferson Lerma,co COL,"MF,DF",29,33,26,2274,0,1,0,9,0,1.1,1.6,Crystal-Palace
Will Hughes,eng ENG,MF,29,33,24,2108,0,3,0,11,0,1.1,3.1,Crystal-Palace
Chris Richards,us USA,DF,24,24,22,1922,1,0,0,4,1,1.4,0.1,Crystal-Palace
Adam Wharton,eng ENG,MF,20,20,16,1318,0,2,0,2,0,0.4,3,Crystal-Palace
Daichi Kamada,jp JPN,MF,27,34,15,1564,0,0,0,4,1,1.1,1.9,Crystal-Palace
Trevoh Chalobah,eng ENG,DF,25,12,12,1060,3,0,0,1,0,1.2,0.4,Crystal-Palace
Eddie Nketiah,eng ENG,"FW,MF",25,29,9,1034,3,1,0,6,1,5.8,1.7,Crystal-Palace
Nathaniel Clyne,eng ENG,"DF,MF",33,13,5,483,0,0,0,1,0,0,0.3,Crystal-Palace
Justin Devenny,nir NIR,MF,20,23,4,507,1,1,0,1,0,0.8,0.6,Crystal-Palace
Cheick Doucouré,ml MLI,MF,24,13,4,452,0,0,0,1,0,0.4,0,Crystal-Palace
Ben Chilwell,eng ENG,DF,27,8,1,259,1,0,0,1,0,0.2,0.8,Crystal-Palace
Romain Esse,eng ENG,MF,19,7,1,138,1,1,0,0,0,0.3,0.4,Crystal-Palace
Odsonne Édouard,fr FRA,"MF,FW",26,2,1,115,0,0,0,0,0,0.4,0,Crystal-Palace
Joachim Andersen,dk DEN,DF,28,1,1,90,0,0,0,1,0,0,0,Crystal-Palace
Chadi Riad,ma MAR,DF,21,1,1,90,0,0,0,0,0,0,0,Crystal-Palace
Joel Ward,eng ENG,DF,34,2,1,71,0,0,0,1,0,0,0,Crystal-Palace
Jeffrey Schlupp,gh GHA,"MF,DF",31,12,0,103,0,0,0,0,0,0.2,0.2,Crystal-Palace
Matheus França,br BRA,"MF,FW",20,4,0,55,1,0,0,0,0,0.3,0,Crystal-Palace
Jordan Ayew,gh GHA,"FW,MF",32,1,0,21,0,0,0,1,0,0.5,0,Crystal-Palace
Caleb Kporha,eng ENG,DF,18,2,0,13,0,0,0,0,0,0,0,Crystal-Palace
Asher Agbinone,eng ENG,MF,18,2,0,6,0,0,0,0,0,0,0,Crystal-Palace
Naouirou Ahamada,fr FRA,MF,22,0,0,,,,,,,,,Crystal-Palace
Rob Holding,eng ENG,DF,28,0,0,,,,,,,,,Crystal-Palace
Sam Johnstone,eng ENG,GK,31,0,0,,,,,,,,,Crystal-Palace
Zachariah Marsh,eng ENG,FW,18,0,0,,,,,,,,,Crystal-Palace
Remi Matthews,eng ENG,GK,30,0,0,,,,,,,,,Crystal-Palace
Kaden Rodney,eng ENG,"DF,MF",19,0,0,,,,,,,,,Crystal-Palace
Matt Turner,us USA,GK,30,0,0,,,,,,,,,Crystal-Palace
Franco Umeh-Chibueze,ie IRL,MF,19,0,0,,,,,,,,,Crystal-Palace
Jordan Pickford,eng ENG,GK,30,38,38,3420,0,1,0,7,0,0,0.4,Everton
Vitaliy Mykolenko,ua UKR,DF,25,35,35,3082,1,2,0,4,0,0.5,2.6,Everton
Idrissa Gana Gueye,sn SEN,MF,34,37,35,3063,0,3,0,9,0,1.1,1.7,Everton
James Tarkowski,eng ENG,DF,31,33,33,2922,1,1,0,6,0,1.3,2.9,Everton
Abdoulaye Doucouré,ml MLI,MF,31,33,31,2564,3,2,0,5,1,4.1,2.4,Everton
Iliman Ndiaye,sn SEN,FW,24,33,29,2430,9,0,2,3,0,6.2,1.9,Everton
Jarrad Branthwaite,eng ENG,DF,22,30,28,2511,0,1,0,4,0,1.2,0.7,Everton
Jack Harrison,eng ENG,FW,27,34,24,2076,1,0,0,0,0,3.5,3.7,Everton
Ashley Young,eng ENG,DF,39,32,19,1875,1,3,0,7,1,0.3,2.3,Everton
Dominic Calvert-Lewin,eng ENG,FW,27,26,19,1609,3,1,0,2,0,6.7,0.6,Everton
James Garner,eng ENG,"MF,DF",23,21,17,1594,0,1,0,5,0,0.7,1.4,Everton
Jake O'Brien,ie IRL,DF,23,20,17,1571,2,0,0,5,0,0.8,0.6,Everton
Beto,gw GNB,FW,26,30,15,1534,8,0,0,2,0,8.2,1.2,Everton
Dwight McNeil,eng ENG,"MF,FW",24,21,15,1371,4,6,0,1,0,1.1,5.2,Everton
Jesper Lindstrøm,dk DEN,FW,24,25,15,1239,0,1,0,2,0,2.1,2,Everton
Orel Mangala,be BEL,MF,26,19,14,1261,1,0,0,2,0,1.1,0.6,Everton
Michael Keane,eng ENG,DF,31,14,11,1049,3,0,0,5,0,0.6,0.1,Everton
Carlos Alcaraz,ar ARG,"FW,MF",21,15,7,764,2,3,0,4,0,1.7,1.6,Everton
Tim Iroegbunam,eng ENG,MF,21,18,5,574,0,1,0,4,0,0.2,0.2,Everton
Armando Broja,al ALB,FW,22,10,4,334,0,0,0,1,0,0.1,0.2,Everton
Nathan Patterson,sct SCO,DF,22,10,3,347,0,1,0,1,0,0.1,0.4,Everton
Séamus Coleman,ie IRL,DF,35,5,3,215,0,0,0,1,0,0.6,0,Everton
Roman Dixon,eng ENG,DF,19,1,1,90,0,0,0,0,0,0,0,Everton
Harrison Armstrong,eng ENG,MF,17,3,0,48,0,0,0,1,0,0.4,0.1,Everton
Youssef Chermiti,pt POR,"FW,MF",20,4,0,45,0,0,0,1,0,0.1,0,Everton
Mason Holgate,jm JAM,"FW,DF",27,1,0,6,0,0,0,0,0,0,0,Everton
Callum Bates,eng ENG,MF,18,0,0,,,,,,,,,Everton
Asmir Begović,ba BIH,GK,37,0,0,,,,,,,,,Everton
Coby Ebere,de GER,MF,18,0,0,,,,,,,,,Everton
Isaac Heath,eng ENG,FW,19,0,0,,,,,,,,,Everton
Neal Maupay,fr FRA,"FW,MF",27,0,0,,,,,,,,,Everton
Jenson Metcalfe,eng ENG,MF,19,0,0,,,,,,,,,Everton
Martin Sherif,nl NED,FW,18,0,0,,,,,,,,,Everton
João Virgínia,pt POR,GK,24,0,0,,,,,,,,,Everton
Reece Welch,eng ENG,DF,20,0,0,,,,,,,,,Everton
Bernd Leno,de GER,GK,32,38,38,3420,0,1,0,5,0,0,0.1,Fulham
Antonee Robinson,us USA,DF,26,36,35,3167,0,10,0,8,0,0.7,4.2,Fulham
Alex Iwobi,ng NGA,"FW,MF",28,38,35,2981,9,6,0,1,0,4.7,7,Fulham
Calvin Bassey,ng NGA,DF,24,35,34,3074,1,0,0,7,0,1,0.1,Fulham
Raúl Jiménez,mx MEX,FW,33,38,30,2494,12,3,3,4,0,12,3.3,Fulham
Joachim Andersen,dk DEN,DF,28,29,29,2583,0,0,0,6,1,1,0.5,Fulham
Saša Lukić,rs SRB,MF,27,30,28,2344,0,2,0,12,0,1.2,2.7,Fulham
Sander Berge,no NOR,MF,26,31,26,2224,0,0,0,6,0,0.4,0.6,Fulham
Emile Smith Rowe,eng ENG,MF,24,34,25,2043,6,3,0,3,0,4.5,1.4,Fulham
Andreas Pereira,br BRA,MF,28,33,25,2013,2,4,0,7,0,3.8,4.6,Fulham
Kenny Tete,nl NED,DF,28,22,21,1774,0,2,0,5,0,1.4,0.9,Fulham
Adama Traoré,es ESP,"FW,MF",28,36,18,1772,2,7,0,3,0,4,4.9,Fulham
Timothy Castagne,be BEL,DF,28,24,17,1649,0,1,0,1,0,0.4,1.2,Fulham
Issa Diop,fr FRA,DF,27,21,15,1339,0,0,0,2,0,0.5,0.1,Fulham
Harry Wilson,wls WAL,"FW,MF",27,25,12,1162,6,1,0,2,0,4.2,1.1,Fulham
Rodrigo Muniz,br BRA,FW,23,31,8,964,8,1,0,1,0,5.8,0.7,Fulham
Ryan Sessegnon,eng ENG,"FW,DF",24,16,7,580,4,2,0,1,0,1.6,1.1,Fulham
Reiss Nelson,eng ENG,FW,24,11,5,487,1,1,0,1,0,1.1,1,Fulham
Jorge Cuenca,es ESP,DF,24,8,4,351,0,0,0,0,0,0,0,Fulham
Tom Cairney,sct SCO,MF,33,25,3,628,2,0,0,3,1,0.8,1.1,Fulham
Willian,br BRA,"FW,MF",35,10,2,257,0,0,0,0,0,0.3,0.5,Fulham
Joshua King,eng ENG,MF,17,8,1,130,0,0,0,0,0,0.3,0.4,Fulham
Harrison Reed,eng ENG,MF,29,12,0,108,0,0,0,2,0,0.2,0.1,Fulham
Martial Godo,eng ENG,"FW,DF",21,2,0,24,0,0,0,0,0,0,0.1,Fulham
Carlos Vinícius,br BRA,"MF,FW",29,3,0,16,0,0,0,0,0,0,0,Fulham
Jay Stansfield,eng ENG,MF,21,1,0,1,0,0,0,0,0,0,0,Fulham
Samuel Amissah,eng ENG,DF,17,0,0,,,,,,,,,Fulham
Steven Benda,de GER,GK,25,0,0,,,,,,,,,Fulham
Dara O'Shea,ie IRL,DF,25,35,35,3122,0,2,0,6,0,1.3,0.5,Ipswich-Town
Leif Davis,eng ENG,DF,24,33,32,2743,1,2,0,5,1,1,4.9,Ipswich-Town
Liam Delap,eng ENG,FW,21,37,32,2593,12,2,2,12,0,9.3,1.9,Ipswich-Town
Sam Morsy,eg EGY,MF,32,33,31,2751,1,1,0,10,0,0.4,1.2,Ipswich-Town
Omari Hutchinson,eng ENG,"MF,FW",20,31,30,2583,3,2,0,5,0,2.9,3.5,Ipswich-Town
Jacob Greaves,eng ENG,DF,23,25,25,2205,1,0,0,5,0,1.3,0.3,Ipswich-Town
Jens Cajuste,se SWE,MF,24,30,25,1959,1,1,0,2,0,0.7,0.8,Ipswich-Town
Axel Tuanzebe,cd COD,DF,26,22,20,1710,0,1,0,5,1,0.2,0.3,Ipswich-Town
Arijanet Muric,xk KVX,GK,25,18,18,1620,0,0,0,1,0,0,0,Ipswich-Town
Cameron Burgess,au AUS,DF,28,18,16,1541,0,2,0,0,0,1.1,0.5,Ipswich-Town
Ben Johnson,eng ENG,"DF,FW",24,23,14,1354,1,2,0,5,1,1.1,1.3,Ipswich-Town
Kalvin Phillips,eng ENG,MF,28,19,14,1237,0,0,0,6,1,0.4,0.2,Ipswich-Town
Alex Palmer,eng ENG,GK,27,13,13,1170,0,0,0,2,0,0,0,Ipswich-Town
Sammie Szmodics,ie IRL,"FW,MF",28,20,13,992,4,0,0,2,0,3.4,0.2,Ipswich-Town
Luke Woolfenden,eng ENG,DF,25,15,12,1187,0,0,0,2,0,0,0,Ipswich-Town
Jack Clarke,eng ENG,"FW,MF",23,32,12,1181,0,4,0,2,0,1.2,2.3,Ipswich-Town
Wes Burns,wls WAL,"FW,DF",29,18,12,926,0,1,0,1,0,0.5,1.6,Ipswich-Town
Julio Enciso,py PAR,"MF,FW",20,13,12,869,2,3,0,3,0,1.7,1.4,Ipswich-Town
Conor Chaplin,eng ENG,"MF,FW",27,22,10,857,1,1,0,2,0,1.5,0.7,Ipswich-Town
Nathan Broadhead,wls WAL,"MF,FW",26,18,7,702,2,0,0,1,0,1.7,0.7,Ipswich-Town
Christian Walton,eng ENG,GK,28,7,7,630,0,0,0,0,0,0,0,Ipswich-Town
George Hirst,sct SCO,FW,25,26,5,661,3,1,0,3,0,2.1,0.3,Ipswich-Town
Jaden Philogene Bidace,eng ENG,"FW,DF",22,10,5,474,2,0,0,1,0,2,0.2,Ipswich-Town
Jack Taylor,ie IRL,MF,26,32,4,860,1,0,0,4,0,0.7,0.5,Ipswich-Town
Harry Clarke,eng ENG,DF,23,7,4,379,0,0,0,3,1,0.1,0,Ipswich-Town
Conor Townsend,eng ENG,DF,31,6,3,335,0,1,0,1,0,0,0.7,Ipswich-Town
Chiedozie Ogbene,ie IRL,FW,27,5,3,238,0,0,0,0,0,0,0.1,Ipswich-Town
Massimo Luongo,au AUS,MF,31,11,2,201,0,0,0,0,0,0,0,Ipswich-Town
Ben Godfrey,eng ENG,DF,26,3,2,159,0,0,0,1,0,0,0,Ipswich-Town
Ali Al Hamadi,iq IRQ,FW,22,11,0,134,0,0,0,3,0,0.4,0.1,Ipswich-Town
Marcus Harness,eng ENG,MF,28,2,0,45,0,0,0,0,0,0,0,Ipswich-Town
George Edmundson,eng ENG,DF,26,1,0,2,0,0,0,0,0,0,0,Ipswich-Town
Somto Boniface,eng ENG,DF,18,0,0,,,,,,,,,Ipswich-Town
Cieran Slicker,sct SCO,GK,21,0,0,,,,,,,,,Ipswich-Town
Tom Taylor,,MF,,0,0,,,,,,,,,Ipswich-Town
Jamie Vardy,eng ENG,FW,37,35,35,2823,9,4,1,5,0,11.2,3,Leicester-City
James Justin,eng ENG,DF,26,36,34,2912,2,2,0,6,0,1.5,0.8,Leicester-City
Wout Faes,be BEL,DF,26,34,30,2815,1,0,0,4,0,1.5,0.1,Leicester-City
Victor Bernth Kristiansen,dk DEN,DF,21,30,29,2482,0,1,0,1,0,0.3,1.4,Leicester-City
Wilfred Ndidi,ng NGA,MF,27,28,28,2324,0,5,0,8,0,2,1.9,Leicester-City
Mads Hermansen,dk DEN,GK,24,27,27,2385,0,0,0,1,0,0,0,Leicester-City
Bilal El Khannouss,ma MAR,"MF,FW",20,32,27,2182,2,3,0,4,0,1.3,4.6,Leicester-City
Boubakary Soumaré,fr FRA,MF,25,31,25,2171,0,0,0,8,0,0.3,0.4,Leicester-City
Conor Coady,eng ENG,DF,31,22,19,1714,1,0,0,3,0,0.4,0.1,Leicester-City
Jordan Ayew,gh GHA,"FW,MF",32,30,19,1638,5,0,1,5,0,3.2,1.1,Leicester-City
Harry Winks,eng ENG,MF,28,22,17,1538,0,2,0,4,0,0.2,1.2,Leicester-City
Stephy Mavididi,eng ENG,FW,26,30,16,1615,4,1,0,2,0,1.8,2.6,Leicester-City
Jannik Vestergaard,dk DEN,DF,31,18,16,1391,0,0,0,5,0,0.1,0.1,Leicester-City
Facundo Buonanotte,ar ARG,"FW,MF",19,31,14,1523,5,2,0,8,0,3.9,3.1,Leicester-City
Luke Thomas,eng ENG,DF,23,14,13,1110,0,0,0,3,0,0.4,0.5,Leicester-City
Caleb Okoli,it ITA,DF,23,19,12,1125,1,0,0,4,0,0.6,0,Leicester-City
Oliver Skipp,eng ENG,MF,23,24,10,1129,0,0,0,8,0,0.4,0.3,Leicester-City
Jakub Stolarczyk,pl POL,GK,23,10,10,900,0,0,0,1,0,0,0,Leicester-City
Kasey McAteer,ie IRL,FW,22,18,9,852,1,1,0,3,0,1,0.7,Leicester-City
Bobby De Cordova-Reid,jm JAM,FW,31,23,9,744,1,2,0,2,0,0.8,1.2,Leicester-City
Patson Daka,zm ZAM,"FW,MF",25,23,6,736,1,0,0,0,0,1.3,0.1,Leicester-City
Abdul Fatawu Issahaku,gh GHA,FW,20,11,6,579,0,2,0,0,0,0.4,1.6,Leicester-City
Ricardo Pereira,pt POR,DF,30,10,4,388,0,0,0,1,0,0.1,0,Leicester-City
Danny Ward,wls WAL,GK,31,2,1,135,0,0,0,0,0,0,0,Leicester-City
Hamza Choudhury,bd BAN,"MF,DF",26,4,1,131,0,0,0,0,0,0,0.4,Leicester-City
Woyo Coulibaly,ml MLI,DF,25,4,1,109,0,0,0,1,0,0,0,Leicester-City
Jeremy Monga,,"FW,MF",,7,0,112,0,0,0,0,0,0.2,0,Leicester-City
Odsonne Édouard,fr FRA,FW,26,4,0,29,0,0,0,0,0,0,0,Leicester-City
Jake Evans,,FW,,4,0,24,0,0,0,0,0,0,0,Leicester-City
Olabade Aluko,,DF,,1,0,2,0,0,0,0,0,0,0,Leicester-City
Will Alves,eng ENG,FW,19,1,0,1,0,0,0,0,0,0,0,Leicester-City
Michael Golding,eng ENG,MF,18,1,0,1,0,0,0,0,0,0,0,Leicester-City
Sammy Braybrooke,eng ENG,MF,20,0,0,,,,,,,,,Leicester-City
Thomas Cannon,ie IRL,FW,21,0,0,,,,,,,,,Leicester-City
Henry Cartwright,eng ENG,MF,19,0,0,,,,,,,,,Leicester-City
Daniel Iversen,dk DEN,GK,27,0,0,,,,,,,,,Leicester-City
Benjamin Nelson,eng ENG,DF,20,0,0,,,,,,,,,Leicester-City
Thomas Wilson-Brown,eng ENG,DF,19,0,0,,,,,,,,,Leicester-City
Mohamed Salah,eg EGY,FW,32,38,38,3371,29,18,9,1,0,25.2,14.2,Liverpool
Virgil van Dijk,nl NED,DF,33,37,37,3330,3,1,0,5,0,2.2,0.7,Liverpool
Ryan Gravenberch,nl NED,MF,22,37,37,3160,0,4,0,6,1,1.1,3.1,Liverpool
Alexis Mac Allister,ar ARG,MF,25,35,30,2599,5,5,0,6,0,2.8,4.7,Liverpool
Ibrahima Konaté,fr FRA,DF,25,31,30,2560,1,2,0,5,0,1.7,1,Liverpool
Dominik Szoboszlai,hu HUN,MF,23,36,29,2491,6,6,0,6,0,7.3,7.4,Liverpool
Andrew Robertson,sct SCO,DF,30,33,29,2482,0,1,0,3,1,1.2,4.6,Liverpool
Alisson,br BRA,GK,31,28,28,2508,0,0,0,0,0,0,0.6,Liverpool
Luis Díaz,co COL,FW,27,36,28,2399,13,5,0,2,0,12,5,Liverpool
Trent Alexander-Arnold,eng ENG,DF,25,33,28,2365,3,6,0,5,0,1.9,7.3,Liverpool
Cody Gakpo,nl NED,FW,25,35,23,1935,10,4,0,5,0,7.1,4.4,Liverpool
Curtis Jones,eng ENG,"MF,DF",23,33,19,1712,3,3,0,3,1,4.3,1.1,Liverpool
Diogo Jota,pt POR,FW,27,26,14,1196,6,3,0,2,0,7.9,1.8,Liverpool
Caoimhín Kelleher,ie IRL,GK,25,10,10,900,0,0,0,0,0,0,0,Liverpool
Kostas Tsimikas,gr GRE,DF,28,18,9,837,0,1,0,2,0,0.4,2.1,Liverpool
Darwin Núñez,uy URU,FW,25,30,8,1133,5,2,0,8,0,5.8,1.3,Liverpool
Conor Bradley,nir NIR,DF,21,19,7,754,0,2,0,4,0,0.7,1.4,Liverpool
Joe Gomez,eng ENG,DF,27,9,6,519,0,0,0,1,0,0.3,0.1,Liverpool
Jarell Quansah,eng ENG,DF,21,13,4,495,0,0,0,2,0,0.1,0.1,Liverpool
Harvey Elliott,eng ENG,MF,21,18,2,371,1,2,0,1,0,1.8,1.1,Liverpool
Wataru Endo,jp JPN,"MF,DF",31,20,1,273,0,0,0,0,0,0,0.1,Liverpool
Federico Chiesa,it ITA,FW,26,6,1,108,0,0,0,0,0,0.3,0.2,Liverpool
Vitezslav Jaros,cz CZE,GK,23,1,0,12,0,0,0,0,0,0,0,Liverpool
Jayden Danns,eng ENG,MF,18,1,0,11,0,0,0,0,0,0,0,Liverpool
Harvey Davies,eng ENG,GK,20,0,0,,,,,,,,,Liverpool
James McConnell,eng ENG,MF,19,0,0,,,,,,,,,Liverpool
Tyler Morton,eng ENG,MF,21,0,0,,,,,,,,,Liverpool
Amara Nallo,eng ENG,DF,17,0,0,,,,,,,,,Liverpool
Trey Nyoni,eng ENG,MF,17,0,0,,,,,,,,,Liverpool
Joško Gvardiol,hr CRO,DF,22,37,36,3277,5,0,0,2,0,4.6,2.1,Manchester-City
Erling Haaland,no NOR,FW,24,31,31,2736,22,3,3,2,0,22,3,Manchester-City
Bernardo Silva,pt POR,"MF,FW",29,33,29,2670,4,4,0,7,0,3.9,5.1,Manchester-City
Ederson,br BRA,GK,30,26,26,2320,0,4,0,4,0,0,1.5,Manchester-City
Rúben Dias,pt POR,DF,27,27,25,2271,0,0,0,4,0,1.5,0.3,Manchester-City
İlkay Gündoğan,de GER,MF,33,33,25,2223,1,6,0,1,0,3.2,3.5,Manchester-City
Mateo Kova,hr CRO,MF,30,31,25,2198,6,2,0,5,1,1.9,3.6,Manchester-City
Manuel Akanji,ch SUI,DF,29,26,23,2014,0,0,0,3,0,1.6,0.4,Manchester-City
Rico Lewis,eng ENG,"DF,MF",19,28,21,1893,1,2,0,5,1,1.4,0.3,Manchester-City
Sávio,br BRA,"FW,MF",20,29,21,1766,1,8,0,3,0,5,6.9,Manchester-City
Phil Foden,eng ENG,"MF,FW",24,28,20,1777,7,2,0,2,0,5.2,4.8,Manchester-City
Kevin De Bruyne,be BEL,"MF,FW",33,28,19,1702,4,7,0,2,0,5.1,8,Manchester-City
Matheus Nunes,pt POR,"DF,MF",25,26,19,1674,1,6,0,4,0,1.2,4.4,Manchester-City
Jeremy Doku,be BEL,"FW,MF",22,29,16,1516,3,6,0,1,0,1.3,4.8,Manchester-City
Omar Marmoush,eg EGY,"FW,MF",25,16,14,1175,7,0,0,0,0,5.5,2.8,Manchester-City
Stefan Ortega,de GER,GK,31,13,12,1100,0,0,0,1,0,0,0,Manchester-City
Kyle Walker,eng ENG,DF,34,15,9,970,0,0,0,3,0,0.1,0.4,Manchester-City
Nicolás González,es ESP,MF,22,11,9,760,1,0,0,3,0,0.5,0.1,Manchester-City
Nathan Aké,nl NED,DF,29,10,8,678,0,0,0,0,0,0.2,0,Manchester-City
Jack Grealish,eng ENG,"FW,MF",28,20,7,721,1,1,0,3,0,1.1,1.8,Manchester-City
John Stones,eng ENG,"DF,MF",30,11,6,548,2,0,0,1,0,0.4,0.1,Manchester-City
Nico O’Reilly,eng ENG,DF,19,9,6,528,2,0,0,0,0,1.3,0.4,Manchester-City
Abdukodir Khusanov,uz UZB,DF,20,6,6,503,0,0,0,1,0,0,0.1,Manchester-City
James Mcatee,eng ENG,"MF,FW",21,15,3,349,3,0,0,1,0,2.8,0.5,Manchester-City
Jahmai Simpson-Pusey,eng ENG,DF,18,2,1,96,0,0,0,1,0,0,0,Manchester-City
Rodri,es ESP,MF,28,3,1,73,0,0,0,0,0,0,0,Manchester-City
Divin Mubama,eng ENG,FW,19,1,0,28,0,0,0,0,0,0,0,Manchester-City
Oscar Bobb,no NOR,FW,21,3,0,16,0,0,0,0,0,0,0.1,Manchester-City
Claudio Echeverri,ar ARG,FW,18,1,0,6,0,0,0,0,0,0,0,Manchester-City
Vitor Reis,br BRA,DF,18,1,0,1,0,0,0,0,0,0,0,Manchester-City
Max Alleyne,eng ENG,DF,19,0,0,,,,,,,,,Manchester-City
Thorsten Brits,eng ENG,GK,17,0,0,,,,,,,,,Manchester-City
Scott Carson,eng ENG,GK,38,0,0,,,,,,,,,Manchester-City
Issa Kaboré,bf BFA,"DF,MF",23,0,0,,,,,,,,,Manchester-City
Josh Wilson-Esbrand,eng ENG,DF,21,0,0,,,,,,,,,Manchester-City
Jacob Wright,eng ENG,MF,18,0,0,,,,,,,,,Manchester-City
Bruno Fernandes,pt POR,MF,29,36,35,3018,8,10,3,5,2,9.9,8.5,Manchester-United
André Onana,cm CMR,GK,28,34,34,3060,0,0,0,0,0,0,0.2,Manchester-United
Noussair Mazraoui,ma MAR,DF,26,37,34,2838,0,1,0,3,0,0.7,1.5,Manchester-United
Diogo Dalot,pt POR,DF,25,33,31,2814,0,3,0,5,0,2,2,Manchester-United
Matthijs de Ligt,nl NED,DF,24,29,25,2123,2,0,0,3,0,2.5,0.3,Manchester-United
Alejandro Garnacho,ar ARG,"MF,FW",20,36,23,2199,6,2,0,3,0,7.3,4.5,Manchester-United
Rasmus Højlund,dk DEN,FW,21,32,23,2004,4,0,0,2,0,5.3,1.8,Manchester-United
Manuel Ugarte Ribeiro,uy URU,MF,23,29,22,1785,1,2,0,11,0,1,1.1,Manchester-United
Amad Diallo,ci CIV,"MF,FW",22,26,20,1901,8,6,0,5,0,4.7,4.9,Manchester-United
Lisandro Martínez,ar ARG,DF,26,20,20,1751,2,1,0,7,0,1.3,1.1,Manchester-United
Harry Maguire,eng ENG,DF,31,27,19,1758,1,0,0,7,0,1.8,0.6,Manchester-United
Kobbie Mainoo,eng ENG,MF,19,25,19,1651,0,0,0,5,0,0.7,1.6,Manchester-United
Casemiro,br BRA,MF,32,24,18,1494,1,0,0,5,0,1.9,2.3,Manchester-United
Joshua Zirkzee,nl NED,"FW,MF",23,32,14,1402,3,1,0,2,0,4.8,1.5,Manchester-United
Leny Yoro,fr FRA,DF,18,21,12,1165,0,0,0,5,0,0.7,0.1,Manchester-United
Marcus Rashford,eng ENG,"FW,MF",26,15,12,978,4,1,0,2,0,1.7,2.1,Manchester-United
Christian Eriksen,dk DEN,MF,32,23,11,1061,1,2,1,4,0,1.4,3.2,Manchester-United
Patrick Dorgu,dk DEN,DF,19,12,10,842,0,0,0,3,1,0.4,0.7,Manchester-United
Mason Mount,eng ENG,MF,25,17,8,622,1,0,0,3,0,3.2,0.6,Manchester-United
Victor Lindelöf,se SWE,DF,30,16,6,704,0,0,0,1,0,0,0.1,Manchester-United
Altay Bayındır,tr TUR,GK,26,4,4,360,0,0,0,0,0,0,0,Manchester-United
Luke Shaw,eng ENG,DF,29,7,4,349,0,0,0,1,0,0,0.7,Manchester-United
Harry Amass,eng ENG,DF,17,5,4,346,0,0,0,0,0,0.1,0,Manchester-United
Jonny Evans,nir NIR,DF,36,7,3,315,0,0,0,1,0,0.1,0,Manchester-United
Ayden Heaven,eng ENG,DF,17,4,2,170,0,0,0,1,0,0.1,0,Manchester-United
Tyler Fredricson,eng ENG,DF,19,2,2,165,0,0,0,0,0,0,0,Manchester-United
Tyrell Malacia,nl NED,DF,24,3,2,100,0,0,0,1,0,0,0,Manchester-United
Chidozie Obi-Martin,dk DEN,FW,16,7,1,165,0,0,0,1,0,0.7,0,Manchester-United
Toby Collyer,eng ENG,MF,20,6,0,179,0,0,0,0,0,0.2,0.3,Manchester-United
Antony,br BRA,"DF,MF",24,8,0,141,0,0,0,0,0,1,0.1,Manchester-United
Scott McTominay,sct SCO,MF,27,2,0,19,0,0,0,0,0,0.1,0,Manchester-United
Jayce Fitzgerald,eng ENG,MF,17,0,0,,,,,,,,,Manchester-United
Jack Fletcher,eng ENG,MF,17,0,0,,,,,,,,,Manchester-United
Hubert Graczyk,pl POL,GK,21,0,0,,,,,,,,,Manchester-United
Elyh Harrison,eng ENG,GK,18,0,0,,,,,,,,,Manchester-United
Tom Heaton,eng ENG,GK,38,0,0,,,,,,,,,Manchester-United
Sekou Koné,ml MLI,MF,18,0,0,,,,,,,,,Manchester-United
Godwill Kukonki,eng ENG,DF,16,0,0,,,,,,,,,Manchester-United
Dermot Mee,nir NIR,GK,21,0,0,,,,,,,,,Manchester-United
Jack Moorhouse,eng ENG,MF,18,0,0,,,,,,,,,Manchester-United
Ethan Wheatley,eng ENG,FW,18,0,0,,,,,,,,,Manchester-United
Bruno Guimarães,br BRA,MF,26,38,38,3271,5,6,0,7,0,4.3,6.1,Newcastle-United
Dan Burn,eng ENG,DF,32,37,37,3330,1,1,0,11,0,2,0.9,Newcastle-United
Alexander Isak,se SWE,FW,24,34,34,2756,23,6,4,1,0,20.3,4.3,Newcastle-United
Fabian Schär,ch SUI,DF,32,34,33,2934,4,0,0,9,1,3.7,0.4,Newcastle-United
Valentino Livramento,eng ENG,DF,21,37,32,2840,0,1,0,1,0,0.3,2.6,Newcastle-United
Jacob Murphy,eng ENG,FW,29,35,31,2360,8,12,0,4,0,5.7,8.9,Newcastle-United
Joelinton,br BRA,"MF,FW",27,29,29,2393,4,3,0,10,0,3.9,2.5,Newcastle-United
Sandro Tonali,it ITA,MF,24,36,28,2630,4,2,0,5,0,4.4,2.2,Newcastle-United
Nick Pope,eng ENG,GK,32,28,28,2520,0,0,0,2,0,0,0,Newcastle-United
Anthony Gordon,eng ENG,"FW,MF",23,34,28,2434,6,5,1,2,0,8,5,Newcastle-United
Lewis Hall,eng ENG,DF,19,27,24,2189,0,4,0,3,0,0.4,4.3,Newcastle-United
Harvey Barnes,eng ENG,FW,26,33,17,1755,9,4,0,0,0,7.2,4,Newcastle-United
Kieran Trippier,eng ENG,DF,33,25,14,1309,0,3,0,1,0,0.1,1.4,Newcastle-United
Joe Willock,eng ENG,"MF,FW",24,32,11,1086,0,2,0,4,0,1.6,2.1,Newcastle-United
Martin Dúbravka,sk SVK,GK,35,10,10,900,0,0,0,0,0,0,0,Newcastle-United
Sean Longstaff,eng ENG,MF,26,25,8,798,0,0,0,2,0,0.6,0.2,Newcastle-United
Sven Botman,nl NED,DF,24,8,6,412,0,0,0,1,0,0.5,0.5,Newcastle-United
Lloyd Kelly,eng ENG,DF,25,10,4,303,0,1,0,2,0,0.4,0.5,Newcastle-United
Callum Wilson,eng ENG,FW,32,18,2,370,0,0,0,1,0,0.4,0.1,Newcastle-United
Emil Krafth,se SWE,DF,29,12,2,342,0,0,0,2,0,0,0.1,Newcastle-United
Lewis Miley,eng ENG,MF,18,14,1,313,1,0,0,0,0,0.5,0,Newcastle-United
Miguel Almirón,py PAR,FW,30,9,1,157,0,0,0,0,0,0.5,0.3,Newcastle-United
William Osula,dk DEN,FW,20,14,0,134,1,0,0,0,0,0.2,0.1,Newcastle-United
Matt Targett,eng ENG,DF,28,2,0,21,0,0,0,0,0,0,0,Newcastle-United
Jamaal Lascelles,eng ENG,DF,30,0,0,,,,,,,,,Newcastle-United
Alex Murphy,ie IRL,DF,20,0,0,,,,,,,,,Newcastle-United
Sean Neave,eng ENG,FW,17,0,0,,,,,,,,,Newcastle-United
John Ruddy,eng ENG,GK,37,0,0,,,,,,,,,Newcastle-United
Leo Shahar,eng ENG,DF,17,0,0,,,,,,,,,Newcastle-United
Odysseas Vlachodimos,gr GRE,GK,30,0,0,,,,,,,,,Newcastle-United
Matz Sels,be BEL,GK,32,38,38,3420,0,0,0,4,0,0,0.4,Nottingham-Forest
Nikola Milenković,rs SRB,DF,26,37,37,3330,5,2,0,4,0,4,1.1,Nottingham-Forest
Murillo,br BRA,DF,22,36,36,3188,2,0,0,6,0,1.4,1.2,Nottingham-Forest
Ola Aina,ng NGA,DF,27,35,35,2995,2,1,0,5,0,0.6,1.4,Nottingham-Forest
Chris Wood,nz NZL,FW,32,36,35,2959,20,3,3,1,0,13.4,2.6,Nottingham-Forest
Morgan Gibbs-White,eng ENG,MF,24,34,34,2803,7,8,0,11,1,6.3,5,Nottingham-Forest
Elliot Anderson,eng ENG,MF,21,37,33,2728,2,6,0,10,0,2.1,3.3,Nottingham-Forest
Anthony Elanga,se SWE,"FW,MF",22,38,31,2501,6,11,0,1,0,4.5,5.7,Nottingham-Forest
Neco Williams,wls WAL,DF,23,35,28,2594,1,3,0,7,0,2.3,1.6,Nottingham-Forest
Callum Hudson-Odoi,eng ENG,"FW,MF",23,31,25,2194,5,2,0,2,0,2.5,2.7,Nottingham-Forest
Nicolás Domínguez,ar ARG,"MF,FW",26,34,23,1963,0,1,0,9,0,1.5,1.3,Nottingham-Forest
Ryan Yates,eng ENG,MF,26,35,18,1915,2,1,0,10,0,2.3,1.2,Nottingham-Forest
Alex Moreno,es ESP,"DF,MF",31,15,11,955,0,1,0,2,0,0.2,1.3,Nottingham-Forest
Ibrahim Sangaré,ci CIV,MF,26,13,7,590,0,1,0,3,0,0,0.4,Nottingham-Forest
Morato,br BRA,DF,23,26,6,907,0,0,0,5,0,0.2,0,Nottingham-Forest
Jota Silva,pt POR,"FW,MF",24,31,5,854,3,1,0,5,0,2.1,2.9,Nottingham-Forest
James Ward-Prowse,eng ENG,MF,29,9,5,400,0,1,0,2,1,0.1,1.1,Nottingham-Forest
Danilo,br BRA,"MF,FW",23,8,5,275,0,0,0,0,0,0,0,Nottingham-Forest
Taiwo Awoniyi,ng NGA,FW,26,26,3,416,1,0,0,0,0,2.1,0.1,Nottingham-Forest
Ramón Sosa,py PAR,"FW,MF",24,19,1,295,1,0,0,1,0,1,0.5,Nottingham-Forest
Willy Boly,ci CIV,DF,33,6,1,150,0,0,0,1,0,0.1,0,Nottingham-Forest
Harry Toffolo,eng ENG,DF,28,4,1,137,0,0,0,1,0,0,0,Nottingham-Forest
Eric da Silva Moreira,de GER,"MF,DF",18,2,0,30,0,0,0,0,0,0,0,Nottingham-Forest
Zach Abbott,eng ENG,DF,18,0,0,,,,,,,,,Nottingham-Forest
Wayne Hennessey,wls WAL,GK,37,0,0,,,,,,,,,Nottingham-Forest
Carlos Miguel,br BRA,GK,25,0,0,,,,,,,,,Nottingham-Forest
Andrew Omobamidele,ie IRL,DF,22,0,0,,,,,,,,,Nottingham-Forest
Mateus Fernandes,pt POR,MF,20,36,34,2909,2,4,0,8,0,4,3,Southampton
Kyle Walker-Peters,eng ENG,DF,27,33,33,2918,0,2,0,5,0,0.8,2.8,Southampton
Taylor Harwood-Bellis,eng ENG,DF,22,34,32,2825,1,0,0,9,0,1.8,1,Southampton
Aaron Ramsdale,eng ENG,GK,26,30,30,2700,0,0,0,2,0,0,0,Southampton
Jan Bednarek,pl POL,DF,28,30,30,2531,2,0,0,7,0,0.7,0.5,Southampton
Flynn Downes,eng ENG,MF,25,27,25,2151,1,0,0,12,0,0.6,1.1,Southampton
Joe Aribo,ng NGA,"MF,DF",28,32,21,2013,3,0,0,1,0,2.7,1.6,Southampton
Tyler Dibling,eng ENG,"FW,MF",18,33,20,1874,2,0,0,6,0,2.5,1.5,Southampton
Lesley Ugochukwu,fr FRA,MF,20,26,18,1655,1,1,0,7,0,0.9,1,Southampton
Ryan Manning,ie IRL,"DF,MF",28,24,18,1462,0,1,0,2,0,0.3,3.2,Southampton
Kamaldeen Sulemana,gh GHA,"FW,MF",22,26,17,1402,1,1,0,2,0,1.5,1,Southampton
Jack Stephens,eng ENG,DF,30,19,17,1389,1,0,0,2,2,0.6,0.2,Southampton
Yukinari Sugawara,jp JPN,"DF,MF",24,30,16,1557,1,1,0,4,0,0.5,2.2,Southampton
Adam Armstrong,eng ENG,"FW,MF",27,20,15,1248,2,2,0,4,0,3.3,1.2,Southampton
Cameron Archer,eng ENG,FW,23,35,13,1441,2,0,0,0,0,5.7,0.5,Southampton
James Bree,eng ENG,DF,26,17,13,1075,0,1,0,0,0,0.1,0.9,Southampton
Paul Onuachu,ng NGA,FW,30,25,11,1050,4,1,0,4,0,3.6,0.5,Southampton
Nathan Wood-Gordon,eng ENG,DF,22,11,9,773,0,0,0,2,0,0.2,0,Southampton
William Smallbone,ie IRL,MF,24,18,6,690,1,0,0,1,0,0.6,0.7,Southampton
Welington,br BRA,DF,23,10,6,482,0,0,0,1,0,0,0.1,Southampton
Alex McCarthy,eng ENG,GK,34,5,5,450,0,0,0,0,0,0,0,Southampton
Adam Lallana,eng ENG,MF,36,14,5,361,0,2,0,4,0,0.2,0.9,Southampton
Ben Brereton,cl CHI,FW,25,10,4,449,0,0,0,1,0,0.9,0.1,Southampton
Ross Stewart,sct SCO,FW,28,12,4,389,1,0,0,1,0,1.1,0,Southampton
Ryan Fraser,sct SCO,"FW,DF",30,8,4,306,0,0,0,0,1,0,0.1,Southampton
Charlie Taylor,eng ENG,DF,30,8,3,356,0,0,0,1,0,0,0.1,Southampton
Joe Lumley,eng ENG,GK,29,3,3,270,0,0,0,0,0,0,0,Southampton
Armel Bella Kotchap,de GER,DF,22,4,2,331,0,0,0,0,0,0.3,0,Southampton
Albert Grønbaek,dk DEN,"FW,MF",23,4,2,143,0,0,0,0,0,0.1,0,Southampton
Jay Robinson,eng ENG,"MF,FW",17,4,1,137,0,0,0,0,0,0,0.7,Southampton
Maxwel Cornet,ci CIV,FW,27,2,1,72,0,0,0,1,0,0.2,0,Southampton
Samuel Edozie,eng ENG,"DF,FW",21,2,0,65,0,0,0,1,0,0,0.1,Southampton
Samuel Amo-Ameyaw,eng ENG,"FW,DF",18,2,0,28,0,0,0,1,0,0,0.1,Southampton
Joachim Kayi Sanda,fr FRA,DF,17,2,0,14,0,0,0,0,0,0,0,Southampton
Ronnie Edwards,eng ENG,DF,21,1,0,12,0,0,0,0,0,0,0,Southampton
Carlos Alcaraz,ar ARG,MF,21,1,0,10,0,0,0,0,0,0.1,0.1,Southampton
Jayden Moore,,DF,,0,0,,,,,,,,,Southampton
Joe O'Brien-Whitmarsh,ie IRL,MF,,0,0,,,,,,,,,Southampton
Pedro Porro,es ESP,DF,24,33,28,2610,2,6,0,5,0,1.6,5,Tottenham-Hotspur
Dejan Kulusevski,se SWE,"MF,FW",24,32,27,2389,7,4,0,3,0,4.2,6.2,Tottenham-Hotspur
Dominic Solanke,eng ENG,FW,26,27,25,2201,9,3,1,0,0,10.9,2.9,Tottenham-Hotspur
Brennan Johnson,wls WAL,FW,23,33,24,2177,11,3,0,5,0,10.4,2.3,Tottenham-Hotspur
Guglielmo Vicario,it ITA,GK,27,24,24,2160,0,0,0,1,0,0,0,Tottenham-Hotspur
Son Heung-min,kr KOR,FW,32,30,24,2110,7,9,1,1,0,7.2,8.2,Tottenham-Hotspur
Destiny Udogie,it ITA,DF,21,25,24,1924,0,1,0,2,0,0.3,1.5,Tottenham-Hotspur
Pape Matar Sarr,sn SEN,MF,21,36,22,1913,3,2,0,6,0,3.7,1.6,Tottenham-Hotspur
James Maddison,eng ENG,MF,27,31,21,1809,9,7,0,6,0,5.8,4.2,Tottenham-Hotspur
Rodrigo Bentancur,uy URU,MF,27,26,21,1645,2,0,0,9,0,1.3,0.4,Tottenham-Hotspur
Djed Spence,eng ENG,DF,23,25,19,1792,1,2,0,4,1,0.6,1.8,Tottenham-Hotspur
Archie Gray,eng ENG,"DF,MF",18,28,19,1751,0,0,0,1,0,0,0.1,Tottenham-Hotspur
Cristian Romero,ar ARG,DF,26,18,18,1416,1,0,0,3,0,1.6,0.6,Tottenham-Hotspur
Yves Bissouma,ml MLI,MF,27,28,16,1408,2,0,0,7,0,0.6,0.3,Tottenham-Hotspur
Ben Davies,wls WAL,DF,31,17,14,1331,0,0,0,5,0,0.3,0.2,Tottenham-Hotspur
Radu Drăgușin,ro ROU,DF,22,16,14,1252,0,0,0,1,0,0.1,0.4,Tottenham-Hotspur
Micky van de Ven,nl NED,DF,23,13,12,1015,0,2,0,4,0,0.6,1.2,Tottenham-Hotspur
Lucas Bergvall,se SWE,MF,18,27,11,1212,0,1,0,3,0,0.7,0.6,Tottenham-Hotspur
Mathys Tel,fr FRA,FW,19,13,11,911,2,1,1,2,0,3,2.6,Tottenham-Hotspur
Wilson Odobert,fr FRA,"FW,MF",19,16,9,850,1,0,0,0,0,1.6,1,Tottenham-Hotspur
Kevin Danso,at AUT,DF,25,10,9,842,0,0,0,0,0,0.4,0.1,Tottenham-Hotspur
Fraser Forster,eng ENG,GK,36,7,7,630,0,0,0,0,0,0,0,Tottenham-Hotspur
Antonín Kinský,cz CZE,GK,21,6,6,540,0,0,0,0,0,0,0.1,Tottenham-Hotspur
Timo Werner,de GER,"FW,MF",28,18,4,516,0,3,0,0,0,1,2.5,Tottenham-Hotspur
Richarlison,br BRA,FW,27,15,4,504,4,1,0,2,0,3.7,0.9,Tottenham-Hotspur
Mikey Moore,eng ENG,FW,16,10,3,366,0,1,0,0,0,0.2,0.3,Tottenham-Hotspur
Sergio Reguilón,es ESP,DF,27,4,1,196,0,0,0,2,0,0.1,0,Tottenham-Hotspur
Brandon Austin,eng ENG,GK,25,1,1,90,0,0,0,0,0,0,0,Tottenham-Hotspur
Dane Scarlett,eng ENG,"FW,MF",20,3,0,34,0,1,0,0,0,0,0,Tottenham-Hotspur
Alfie Dorrington,eng ENG,DF,19,1,0,14,0,0,0,0,0,0,0,Tottenham-Hotspur
Will Lankshear,eng ENG,"FW,MF",19,3,0,11,0,0,0,0,0,0,0,Tottenham-Hotspur
Oyindamola Ajayi,eng ENG,FW,18,0,0,,,,,,,,,Tottenham-Hotspur
Dante Cassanova,jm JAM,DF,20,0,0,,,,,,,,,Tottenham-Hotspur
Alfie Devine,eng ENG,MF,19,0,0,,,,,,,,,Tottenham-Hotspur
Malachi Hardy,eng ENG,DF,16,0,0,,,,,,,,,Tottenham-Hotspur
Maeson King,eng ENG,DF,18,0,0,,,,,,,,,Tottenham-Hotspur
Yang Minhyeok,kr KOR,MF,18,0,0,,,,,,,,,Tottenham-Hotspur
Callum Olusesi,eng ENG,MF,17,0,0,,,,,,,,,Tottenham-Hotspur
Alfie Whiteman,eng ENG,GK,25,0,0,,,,,,,,,Tottenham-Hotspur
Luca Williams Barnett,eng ENG,FW,15,0,0,,,,,,,,,Tottenham-Hotspur
Max Kilman,eng ENG,DF,27,38,38,3348,0,1,0,5,0,1.6,1.2,West-Ham-United
Aaron Wan-Bissaka,eng ENG,DF,26,36,35,3154,2,5,0,1,0,1.2,3.5,West-Ham-United
Jarrod Bowen,eng ENG,"FW,MF",27,34,34,2973,13,8,1,1,0,8.6,6.8,West-Ham-United
Mohammed Kudus,gh GHA,"FW,MF",23,32,31,2590,5,3,0,2,1,6.9,3.1,West-Ham-United
Tom� Sou?ek,cz CZE,MF,29,35,30,2567,9,1,0,8,0,6.7,1,West-Ham-United
Lucas Paquetá,br BRA,"MF,FW",26,33,27,2380,4,0,2,10,0,5.3,3.1,West-Ham-United
Emerson Palmieri,it ITA,DF,29,31,26,2113,2,1,0,5,0,2,1.5,West-Ham-United
Alphonse Areola,fr FRA,GK,31,26,25,2260,0,0,0,0,0,0,0,West-Ham-United
Konstantinos Mavropanos,gr GRE,DF,26,33,21,2045,0,0,0,6,1,1.5,0.5,West-Ham-United
Jean-Clair Todibo,fr FRA,DF,24,27,20,1825,0,0,0,3,0,0.4,0,West-Ham-United
Edson �lvarez,mx MEX,MF,26,28,20,1772,0,1,0,9,1,0.4,0.8,West-Ham-United
Guido Rodríguez,ar ARG,MF,30,23,16,1149,0,1,0,6,0,0.2,0.2,West-Ham-United
Carlos Soler,es ESP,"MF,FW",27,31,14,1409,1,1,0,6,0,1.8,1.4,West-Ham-United
�ukasz Fabiański,pl POL,GK,39,14,13,1160,0,0,0,2,0,0,0,West-Ham-United
James Ward-Prowse,eng ENG,MF,29,15,12,1039,1,1,0,2,0,1.6,1.9,West-Ham-United
Vladimír Coufal,cz CZE,DF,31,22,11,1067,0,0,0,5,0,0.3,0.7,West-Ham-United
Michail Antonio,jm JAM,FW,34,14,11,836,1,1,0,1,0,2.2,1.6,West-Ham-United
Aaron Cresswell,eng ENG,DF,34,18,10,824,0,0,0,3,0,0.2,1.3,West-Ham-United
Crysencio Summerville,nl NED,"FW,MF",22,19,7,786,1,1,0,2,0,1.6,1.7,West-Ham-United
Oliver Scarles,eng ENG,"DF,FW",18,15,7,665,0,0,0,1,0,0.1,0.1,West-Ham-United
Niclas Füllkrug,de GER,FW,31,18,6,790,3,2,0,2,0,2.2,1.9,West-Ham-United
Danny Ings,eng ENG,"FW,MF",32,15,1,284,1,2,0,0,0,2.3,1.3,West-Ham-United
Andy Irving,sct SCO,MF,24,10,1,166,0,0,0,2,0,0.1,0.2,West-Ham-United
Evan Ferguson,ie IRL,FW,19,8,1,156,0,0,0,0,0,0.6,0.3,West-Ham-United
Luis Guilherme,br BRA,"MF,FW",18,12,1,150,0,0,0,0,0,0.4,0.1,West-Ham-United
Lewis Orford,eng ENG,MF,18,2,0,49,0,0,0,0,0,0,0,West-Ham-United
Kaelan Casey,eng ENG,DF,19,1,0,1,0,0,0,0,0,0,0,West-Ham-United
Wes Foderingham,eng ENG,GK,33,0,0,,,,,,,,,West-Ham-United
Ezra Mayers,bb BRB,DF,17,0,0,,,,,,,,,West-Ham-United
Rayan Aït-Nouri,dz ALG,DF,23,37,37,3109,4,7,0,7,1,2.7,5.5,Wolverhampton-Wanderers
João Gomes,br BRA,MF,23,36,35,2974,3,1,0,11,1,2.9,1.2,Wolverhampton-Wanderers
Nélson Semedo,pt POR,DF,30,34,32,2886,0,4,0,8,0,0.9,2.8,Wolverhampton-Wanderers
André,br BRA,MF,23,33,31,2472,0,0,0,7,0,0.4,0.8,Wolverhampton-Wanderers
Toti Gomes,pt POR,DF,25,31,30,2614,0,1,0,7,0,0.7,0.9,Wolverhampton-Wanderers
Jørgen Strand Larsen,no NOR,FW,24,35,30,2587,14,4,0,4,0,10.3,3,Wolverhampton-Wanderers
José Sá,pt POR,GK,31,29,29,2609,0,0,0,2,0,0,0.2,Wolverhampton-Wanderers
Matheus Cunha,br BRA,"MF,FW",25,33,29,2597,15,6,0,4,0,8.6,7.7,Wolverhampton-Wanderers
Matt Doherty,ie IRL,DF,32,30,25,2109,2,1,0,6,0,1,1.5,Wolverhampton-Wanderers
Jean-Ricner Bellegarde,fr FRA,"MF,FW",26,35,20,1677,2,7,0,3,0,1.5,3.8,Wolverhampton-Wanderers
Santiago Bueno,uy URU,DF,25,29,18,1687,0,0,0,2,0,0.4,0,Wolverhampton-Wanderers
Emmanuel Agbadou,ci CIV,DF,27,16,16,1410,1,0,0,3,0,0.8,0.2,Wolverhampton-Wanderers
Mario Lemina,ga GAB,"MF,DF",30,17,15,1364,1,3,0,4,0,1.4,1.1,Wolverhampton-Wanderers
Marshall Munetsi,zw ZIM,"MF,FW",28,14,12,1078,2,1,0,0,0,3.3,1.8,Wolverhampton-Wanderers
Gonçalo Guedes,pt POR,"MF,FW",27,29,10,995,2,4,0,1,0,3.2,1.3,Wolverhampton-Wanderers
Craig Dawson,eng ENG,DF,34,15,10,971,0,0,0,2,0,0.5,0,Wolverhampton-Wanderers
Pablo Sarabia,es ESP,"MF,FW",32,23,7,814,3,2,0,3,0,2.9,1.8,Wolverhampton-Wanderers
Rodrigo Gomes,pt POR,"DF,FW",21,25,7,810,2,0,0,0,0,0.7,0.9,Wolverhampton-Wanderers
Sam Johnstone,eng ENG,GK,31,7,7,630,0,0,0,0,0,0,0,Wolverhampton-Wanderers
Hwang Hee-chan,kr KOR,"MF,FW",28,21,5,661,2,0,0,0,0,0.8,0.1,Wolverhampton-Wanderers
Yerson Mosquera,co COL,DF,23,5,5,441,0,0,0,2,0,0.3,0.1,Wolverhampton-Wanderers
Tommy Doyle,eng ENG,MF,22,24,3,488,0,1,0,1,0,0.6,0.5,Wolverhampton-Wanderers
Daniel Bentley,eng ENG,GK,31,2,2,180,0,0,0,0,0,0,0,Wolverhampton-Wanderers
Carlos Forbs,pt POR,"MF,FW",20,10,1,239,0,0,0,2,0,0.1,0,Wolverhampton-Wanderers
Pedro Lima,br BRA,DF,18,3,1,70,0,0,0,0,0,0.1,0.1,Wolverhampton-Wanderers
Nasser Djiga,bf BFA,DF,21,5,1,66,0,0,0,0,0,0,0,Wolverhampton-Wanderers
Daniel Podence,pt POR,"MF,FW",28,2,0,48,0,0,0,0,0,0,0,Wolverhampton-Wanderers
Chiquinho,pt POR,MF,24,1,0,7,0,0,0,0,0,0,0,Wolverhampton-Wanderers
Mateus Mane,,MF,,1,0,2,0,0,0,0,0,0,0,Wolverhampton-Wanderers
Tom King,wls WAL,GK,29,1,0,1,0,0,0,0,0,0,0,Wolverhampton-Wanderers
Alfie Pond,eng ENG,DF,20,1,0,1,0,0,0,0,0,0,0,Wolverhampton-Wanderers
Boubacar Traoré,ml MLI,MF,22,1,0,1,0,0,0,0,0,0,0,Wolverhampton-Wanderers
Tawanda Chirewa,zw ZIM,MF,20,0,0,,,,,,,,,Wolverhampton-Wanderers
Luke Cundle,eng ENG,MF,22,0,0,,,,,,,,,Wolverhampton-Wanderers
Tom Edozie,eng ENG,MF,18,0,0,,,,,,,,,Wolverhampton-Wanderers
Bastien Meupiyou,fr FRA,DF,18,0,0,,,,,,,,,Wolverhampton-Wanderers
Wesley Okoduwa,eng ENG,FW,16,0,0,,,,,,,,,Wolverhampton-Wanderers
